<?xml version="1.0" encoding="UTF-8"?>
        <!-- Generated by eXe - http://exelearning.net -->
        <manifest identifier="eXeQuick_Sort5b28f14823e4cb4e141" 
        xmlns="http://www.imsglobal.org/xsd/imscp_v1p1"
        xmlns:imsmd="http://www.imsglobal.org/xsd/imsmd_v1p2" 
        xmlns:xsi="http://www.w3.org/2001/XMLSchema-instance"
        xmlns:lom="http://ltsc.ieee.org/xsd/LOM"
        
 xsi:schemaLocation="http://www.imsglobal.org/xsd/imscp_v1p1 imscp_v1p1.xsd http://www.imsglobal.org/xsd/imsmd_v1p2 imsmd_v1p2p2.xsd"> 
<metadata> 
 <schema>IMS Content</schema> 
 <schemaversion>1.1.3</schemaversion> 
 <lom:lom><lom:general uniqueElementName="general"><lom:identifier><lom:catalog uniqueElementName="catalog">My Catalog</lom:catalog><lom:entry uniqueElementName="entry">4a7d755e-34a5-410a-a7d4-601881136623</lom:entry></lom:identifier><lom:title><lom:string language="es">Quick_Sort</lom:string></lom:title><lom:language>es</lom:language><lom:aggregationLevel uniqueElementName="aggregationLevel"><lom:source uniqueElementName="source">LOM-ESv1.0</lom:source><lom:value uniqueElementName="value">2</lom:value></lom:aggregationLevel></lom:general><lom:metaMetadata uniqueElementName="metaMetadata"><lom:contribute><lom:role uniqueElementName="role"><lom:source uniqueElementName="source">LOM-ESv1.0</lom:source><lom:value uniqueElementName="value">creator</lom:value></lom:role><lom:entity>BEGIN:VCARD VERSION:3.0 FN: EMAIL;TYPE=INTERNET: ORG: END:VCARD</lom:entity><lom:date><lom:dateTime uniqueElementName="dateTime">2018-11-06T16:01:12.00-05:00</lom:dateTime><lom:description><lom:string language="es">Fecha de creación de los metadatos</lom:string></lom:description></lom:date></lom:contribute><lom:metadataSchema>LOM-ESv1.0</lom:metadataSchema><lom:language>es</lom:language></lom:metaMetadata><lom:technical uniqueElementName="technical"><lom:otherPlatformRequirements><lom:string language="es">editor: eXe Learning</lom:string></lom:otherPlatformRequirements></lom:technical><lom:educational><lom:language>es</lom:language></lom:educational><lom:rights uniqueElementName="rights"><lom:access uniqueElementName="access"><lom:accessType uniqueElementName="accessType"><lom:source uniqueElementName="source">LOM-ESv1.0</lom:source><lom:value uniqueElementName="value">universal</lom:value></lom:accessType><lom:description><lom:string language="en">Default</lom:string></lom:description></lom:access></lom:rights></lom:lom>
</metadata> 
<organizations default="eXeQuick_Sort5b28f14823e4cb4e142">  
<organization identifier="eXeQuick_Sort5b28f14823e4cb4e142" structure="hierarchical">  
<title>Quick Sort</title>
<item identifier="ITEM-eXeQuick_Sort5b28f14823e4cb4e143" isvisible="true" identifierref="RES-eXeQuick_Sort5b28f14823e4cb4e144">
    <title>Quick Sort</title>
<item identifier="ITEM-eXeQuick_Sort5b28f14823e4cb4e155" isvisible="true" identifierref="RES-eXeQuick_Sort5b28f14823e4cb4e156">
    <title>Introducción</title>
</item>
<item identifier="ITEM-eXeQuick_Sort5b28f14823e4cb4e167" isvisible="true" identifierref="RES-eXeQuick_Sort5b28f14823e4cb4e168">
    <title>Solución</title>
<item identifier="ITEM-eXeQuick_Sort5b28f14823e4cb4e169" isvisible="true" identifierref="RES-eXeQuick_Sort5b28f14823e4cb4e16a">
    <title>Demostración</title>
</item>
<item identifier="ITEM-eXeQuick_Sort5b28f14823e4cb4e17b" isvisible="true" identifierref="RES-eXeQuick_Sort5b28f14823e4cb4e17c">
    <title>Implementación</title>
</item>
</item>
<item identifier="ITEM-eXeQuick_Sort5b28f14823e4cb4e17d" isvisible="true" identifierref="RES-eXeQuick_Sort5b28f14823e4cb4e17e">
    <title>Cuestionario</title>
</item>
</item>
</organization>
</organizations>
<resources>
<resource identifier="RES-eXeQuick_Sort5b28f14823e4cb4e144" type="webcontent" href="index.html"> 
    <file href="index.html"/>
    <file href="base.css"/>
    <file href="content.css"/>
    <file href="exe_html5.js"/>
    <file href="exe_jquery.js"/>
</resource>
<resource identifier="RES-eXeQuick_Sort5b28f14823e4cb4e156" type="webcontent" href="introduccin.html"> 
    <file href="introduccin.html"/>
    <file href="base.css"/>
    <file href="content.css"/>
    <file href="exe_html5.js"/>
    <file href="exe_jquery.js"/>
    <file href="common.js"/>
</resource>
<resource identifier="RES-eXeQuick_Sort5b28f14823e4cb4e168" type="webcontent" href="solucin.html"> 
    <file href="solucin.html"/>
    <file href="base.css"/>
    <file href="content.css"/>
    <file href="exe_html5.js"/>
    <file href="exe_jquery.js"/>
</resource>
<resource identifier="RES-eXeQuick_Sort5b28f14823e4cb4e16a" type="webcontent" href="demostracin.html"> 
    <file href="demostracin.html"/>
    <file href="base.css"/>
    <file href="content.css"/>
    <file href="exe_html5.js"/>
    <file href="exe_jquery.js"/>
</resource>
<resource identifier="RES-eXeQuick_Sort5b28f14823e4cb4e17c" type="webcontent" href="implementacin.html"> 
    <file href="implementacin.html"/>
    <file href="base.css"/>
    <file href="content.css"/>
    <file href="exe_html5.js"/>
    <file href="exe_jquery.js"/>
</resource>
<resource identifier="RES-eXeQuick_Sort5b28f14823e4cb4e17e" type="webcontent" href="cuestionario.html"> 
    <file href="cuestionario.html"/>
    <file href="base.css"/>
    <file href="content.css"/>
    <file href="exe_html5.js"/>
    <file href="exe_jquery.js"/>
    <file href="stock-stop.png"/>
    <file href="panel-amusements.png"/>
    <file href="common.js"/>
</resource>
</resources>
</manifest>
