<?xml version="1.0" encoding="utf-8"?>

<instance xmlns="http://www.exelearning.org/content/v0.3" reference="4" version="0.3" xmlns:xsi="http://www.w3.org/2001/XMLSchema-instance" xsi:schemalocation="http://www.exelearning.org/content/v0.3 content.xsd" class="exe.engine.package.Package">
 <dictionary>
  <string role="key" value="_title"></string>
  <unicode value=""></unicode>
  <string role="key" value="idevices"></string>
  <list></list>
  <string role="key" value="_addPagination"></string>
  <bool value="0"></bool>
  <string role="key" value="_author"></string>
  <unicode value=""></unicode>
  <string role="key" value="_backgroundImg"></string>
  <unicode value=""></unicode>
  <string role="key" value="_contextMode"></string>
  <unicode value=""></unicode>
  <string role="key" value="_contextPlace"></string>
  <unicode value=""></unicode>
  <string role="key" value="_description"></string>
  <unicode value=""></unicode>
  <string role="key" value="_docType"></string>
  <unicode value="HTML5"></unicode>
  <string role="key" value="_intendedEndUserRoleGroup"></string>
  <bool value="0"></bool>
  <string role="key" value="_intendedEndUserRoleTutor"></string>
  <bool value="0"></bool>
  <string role="key" value="_intendedEndUserRoleType"></string>
  <unicode value=""></unicode>
  <string role="key" value="_isChanged"></string>
  <bool value="0"></bool>
  <string role="key" value="_isTemplate"></string>
  <bool value="0"></bool>
  <string role="key" value="_lang"></string>
  <unicode value="es"></unicode>
  <string role="key" value="_learningResourceType"></string>
  <unicode value=""></unicode>
  <string role="key" value="_levelNames"></string>
  <list>
   <unicode value="Tema"></unicode>
   <unicode value="Sección"></unicode>
   <unicode value="Unidad"></unicode>
  </list>
  <string role="key" value="_name"></string>
  <unicode value="fibonacci"></unicode>
  <string role="key" value="_nextIdeviceId"></string>
  <int value="1"></int>
  <string role="key" value="_nextNodeId"></string>
  <int value="1"></int>
  <string role="key" value="_nodeIdDict"></string>
  <dictionary>
   <unicode role="key" value="0"></unicode>
   <instance class="exe.engine.node.Node" reference="3">
    <dictionary>
     <string role="key" value="_title"></string>
     <unicode value="Ejercicio fibonacci"></unicode>
     <string role="key" value="idevices"></string>
     <list>
      <instance class="exe.engine.freetextidevice.FreeTextIdevice" reference="1">
       <dictionary>
        <string role="key" value="_title"></string>
        <unicode value="Free Text"></unicode>
        <string role="key" value="_author"></string>
        <unicode value="University of Auckland"></unicode>
        <string role="key" value="_purpose"></string>
        <unicode value="The majority of a learning resource will be 
establishing context, delivering instructions and providing general information.
This provides the framework within which the learning activities are built and 
delivered."></unicode>
        <string role="key" value="_tip"></string>
        <string value=""></string>
        <string role="key" value="childs"></string>
        <list></list>
        <string role="key" value="content"></string>
        <instance class="exe.engine.field.TextAreaField" reference="2">
         <dictionary>
          <string role="key" value="_id"></string>
          <int value="85"></int>
          <string role="key" value="_idevice"></string>
          <reference key="1"></reference>
          <string role="key" value="_instruc"></string>
          <unicode value="Use this field to enter text. This 
iDevice has no emphasis applied although limited formatting can be applied to 
text through the text editing buttons associated with the field."></unicode>
          <string role="key" value="_name"></string>
          <unicode value="Free Text"></unicode>
          <string role="key" value="anchor_names"></string>
          <list></list>
          <string role="key" value="anchors_linked_from_fields"></string>
          <dictionary></dictionary>
          <string role="key" value="content_w_resourcePaths"></string>
          <unicode content="true" value="&lt;p&gt;Implementar una función en java que solucione la se serie de Fibonacci &lt;/p&gt;
&lt;p&gt;La serie de Fibonacci consta de una serie de números naturales que se suman de a 2, a partir de 0 y 1. Básicamente, la sucesión de Fibonacci se realiza sumando siempre los últimos 2 números (Todos los números presentes en la sucesión se llaman números de Fibonacci) de la siguiente manera:&lt;/p&gt;
&lt;p&gt;0,1,1,2,3,5,8,13,21,34...&lt;/p&gt;
&lt;pre class=&quot; language-java&quot;&gt;&lt;code class=&quot; language-java&quot;&gt;&lt;span class=&quot;token keyword&quot;&gt;int&lt;/span&gt; &lt;span class=&quot;token function&quot;&gt;fibonacci&lt;/span&gt;&lt;span class=&quot;token punctuation&quot;&gt;(&lt;/span&gt;&lt;span class=&quot;token keyword&quot;&gt;int&lt;/span&gt; n&lt;span class=&quot;token punctuation&quot;&gt;)&lt;/span&gt;
&lt;span class=&quot;token punctuation&quot;&gt;{&lt;/span&gt;
    &lt;span class=&quot;token keyword&quot;&gt;if&lt;/span&gt; &lt;span class=&quot;token punctuation&quot;&gt;(&lt;/span&gt;n&lt;span class=&quot;token operator&quot;&gt;&amp;gt;&lt;/span&gt;&lt;span class=&quot;token number&quot;&gt;1&lt;/span&gt;&lt;span class=&quot;token punctuation&quot;&gt;)&lt;/span&gt;&lt;span class=&quot;token punctuation&quot;&gt;{&lt;/span&gt;
       &lt;span class=&quot;token keyword&quot;&gt;return&lt;/span&gt; &lt;span class=&quot;token function&quot;&gt;fibonacci&lt;/span&gt;&lt;span class=&quot;token punctuation&quot;&gt;(&lt;/span&gt;n&lt;span class=&quot;token operator&quot;&gt;-&lt;/span&gt;&lt;span class=&quot;token number&quot;&gt;1&lt;/span&gt;&lt;span class=&quot;token punctuation&quot;&gt;)&lt;/span&gt; &lt;span class=&quot;token operator&quot;&gt;+&lt;/span&gt; &lt;span class=&quot;token function&quot;&gt;fibonacci&lt;/span&gt;&lt;span class=&quot;token punctuation&quot;&gt;(&lt;/span&gt;n&lt;span class=&quot;token operator&quot;&gt;-&lt;/span&gt;&lt;span class=&quot;token number&quot;&gt;2&lt;/span&gt;&lt;span class=&quot;token punctuation&quot;&gt;)&lt;/span&gt;&lt;span class=&quot;token punctuation&quot;&gt;;&lt;/span&gt;  &lt;span class=&quot;token comment&quot; spellcheck=&quot;true&quot;&gt;//función recursiva&lt;/span&gt;
    &lt;span class=&quot;token punctuation&quot;&gt;}&lt;/span&gt;
    &lt;span class=&quot;token keyword&quot;&gt;else&lt;/span&gt; &lt;span class=&quot;token keyword&quot;&gt;if&lt;/span&gt; &lt;span class=&quot;token punctuation&quot;&gt;(&lt;/span&gt;n&lt;span class=&quot;token operator&quot;&gt;==&lt;/span&gt;&lt;span class=&quot;token number&quot;&gt;1&lt;/span&gt;&lt;span class=&quot;token punctuation&quot;&gt;)&lt;/span&gt; &lt;span class=&quot;token punctuation&quot;&gt;{&lt;/span&gt;  &lt;span class=&quot;token comment&quot; spellcheck=&quot;true&quot;&gt;// caso base&lt;/span&gt;
        &lt;span class=&quot;token keyword&quot;&gt;return&lt;/span&gt; &lt;span class=&quot;token number&quot;&gt;1&lt;/span&gt;&lt;span class=&quot;token punctuation&quot;&gt;;&lt;/span&gt;
    &lt;span class=&quot;token punctuation&quot;&gt;}&lt;/span&gt;
    &lt;span class=&quot;token keyword&quot;&gt;else&lt;/span&gt; &lt;span class=&quot;token keyword&quot;&gt;if&lt;/span&gt; &lt;span class=&quot;token punctuation&quot;&gt;(&lt;/span&gt;n&lt;span class=&quot;token operator&quot;&gt;==&lt;/span&gt;&lt;span class=&quot;token number&quot;&gt;0&lt;/span&gt;&lt;span class=&quot;token punctuation&quot;&gt;)&lt;/span&gt;&lt;span class=&quot;token punctuation&quot;&gt;{&lt;/span&gt;  &lt;span class=&quot;token comment&quot; spellcheck=&quot;true&quot;&gt;// caso base&lt;/span&gt;
        &lt;span class=&quot;token keyword&quot;&gt;return&lt;/span&gt; &lt;span class=&quot;token number&quot;&gt;0&lt;/span&gt;&lt;span class=&quot;token punctuation&quot;&gt;;&lt;/span&gt;
    &lt;span class=&quot;token punctuation&quot;&gt;}&lt;/span&gt;
    &lt;span class=&quot;token keyword&quot;&gt;else&lt;/span&gt;&lt;span class=&quot;token punctuation&quot;&gt;{&lt;/span&gt; &lt;span class=&quot;token comment&quot; spellcheck=&quot;true&quot;&gt;//error&lt;/span&gt;
        System&lt;span class=&quot;token punctuation&quot;&gt;.&lt;/span&gt;out&lt;span class=&quot;token punctuation&quot;&gt;.&lt;/span&gt;&lt;span class=&quot;token function&quot;&gt;println&lt;/span&gt;&lt;span class=&quot;token punctuation&quot;&gt;(&lt;/span&gt;&lt;span class=&quot;token string&quot;&gt;&quot;Debes ingresar un tamaño mayor o igual a 1&quot;&lt;/span&gt;&lt;span class=&quot;token punctuation&quot;&gt;)&lt;/span&gt;&lt;span class=&quot;token punctuation&quot;&gt;;&lt;/span&gt;
        &lt;span class=&quot;token keyword&quot;&gt;return&lt;/span&gt; &lt;span class=&quot;token operator&quot;&gt;-&lt;/span&gt;&lt;span class=&quot;token number&quot;&gt;1&lt;/span&gt;&lt;span class=&quot;token punctuation&quot;&gt;;&lt;/span&gt; 
    &lt;span class=&quot;token punctuation&quot;&gt;}&lt;/span&gt;
&lt;span class=&quot;token punctuation&quot;&gt;}&lt;/span&gt;&lt;/code&gt;&lt;/pre&gt;"></unicode>
          <string role="key" value="exe.engine.field.Field.persistenceVersion"></string>
          <int value="4"></int>
          <string role="key" value="exe.engine.field.FieldWithResources.persistenceVersion"></string>
          <int value="2"></int>
          <string role="key" value="exe.engine.field.TextAreaField.persistenceVersion"></string>
          <int value="3"></int>
          <string role="key" value="htmlTag"></string>
          <string value="div"></string>
          <string role="key" value="images"></string>
          <instance class="exe.engine.galleryidevice.GalleryImages">
           <dictionary>
            <string role="key" value=".listitems"></string>
            <list></list>
            <string role="key" value="idevice"></string>
            <reference key="2"></reference>
           </dictionary>
          </instance>
          <string role="key" value="intlinks_to_anchors"></string>
          <dictionary></dictionary>
          <string role="key" value="nextImageId"></string>
          <int value="0"></int>
          <string role="key" value="parentNode"></string>
          <none></none>
         </dictionary>
        </instance>
        <string role="key" value="edit"></string>
        <bool value="0"></bool>
        <string role="key" value="emphasis"></string>
        <int value="0"></int>
        <string role="key" value="exe.engine.freetextidevice.FreeTextIdevice.persistenceVersion"></string>
        <int value="7"></int>
        <string role="key" value="icon"></string>
        <string value=""></string>
        <string role="key" value="id"></string>
        <unicode value="0"></unicode>
        <string role="key" value="lastIdevice"></string>
        <bool value="0"></bool>
        <string role="key" value="originalicon"></string>
        <string value=""></string>
        <string role="key" value="parent"></string>
        <none></none>
        <string role="key" value="parentNode"></string>
        <reference key="3"></reference>
        <string role="key" value="systemResources"></string>
        <list></list>
        <string role="key" value="type"></string>
        <none></none>
        <string role="key" value="undo"></string>
        <bool value="1"></bool>
        <string role="key" value="userResources"></string>
        <list></list>
        <string role="key" value="version"></string>
        <int value="0"></int>
       </dictionary>
      </instance>
     </list>
     <string role="key" value="_id"></string>
     <unicode value="0"></unicode>
     <string role="key" value="_package"></string>
     <reference key="4"></reference>
     <string role="key" value="anchor_fields"></string>
     <list></list>
     <string role="key" value="exe.engine.node.Node.persistenceVersion"></string>
     <int value="2"></int>
     <string role="key" value="exportType"></string>
     <string value="ims"></string>
     <string role="key" value="last_full_node_path"></string>
     <string value="exe-node:Ejercicio%20fibonacci"></string>
     <string role="key" value="parent"></string>
     <none></none>
     <string role="key" value="top_anchors_linked_from_fields"></string>
     <list></list>
     <string role="key" value="children"></string>
     <list></list>
    </dictionary>
   </instance>
  </dictionary>
  <string role="key" value="_objectives"></string>
  <unicode value=""></unicode>
  <string role="key" value="_preknowledge"></string>
  <unicode value=""></unicode>
  <string role="key" value="_templateFile"></string>
  <string value="Base"></string>
  <string role="key" value="backgroundImgTile"></string>
  <bool value="0"></bool>
  <string role="key" value="compatibleWithVersion9"></string>
  <bool value="0"></bool>
  <string role="key" value="currentNode"></string>
  <reference key="3"></reference>
  <string role="key" value="dublinCore"></string>
  <instance class="exe.engine.package.DublinCore">
   <dictionary>
    <string role="key" value="contributors"></string>
    <unicode value=""></unicode>
    <string role="key" value="coverage"></string>
    <unicode value=""></unicode>
    <string role="key" value="creator"></string>
    <unicode value=""></unicode>
    <string role="key" value="date"></string>
    <unicode value=""></unicode>
    <string role="key" value="description"></string>
    <unicode value=""></unicode>
    <string role="key" value="format"></string>
    <unicode value=""></unicode>
    <string role="key" value="identifier"></string>
    <unicode value="4a7d755e-34a5-410a-a7d4-601881136623"></unicode>
    <string role="key" value="language"></string>
    <unicode value="es"></unicode>
    <string role="key" value="publisher"></string>
    <unicode value=""></unicode>
    <string role="key" value="relation"></string>
    <unicode value=""></unicode>
    <string role="key" value="rights"></string>
    <unicode value=""></unicode>
    <string role="key" value="source"></string>
    <unicode value=""></unicode>
    <string role="key" value="subject"></string>
    <unicode value=""></unicode>
    <string role="key" value="title"></string>
    <unicode value=""></unicode>
    <string role="key" value="type"></string>
    <unicode value=""></unicode>
   </dictionary>
  </instance>
  <string role="key" value="exe.engine.package.Package.persistenceVersion"></string>
  <int value="15"></int>
  <string role="key" value="exportMetadataType"></string>
  <string value="LOMES"></string>
  <string role="key" value="exportSource"></string>
  <bool value="1"></bool>
  <string role="key" value="footer"></string>
  <string value=""></string>
  <string role="key" value="isLoading"></string>
  <bool value="0"></bool>
  <string role="key" value="license"></string>
  <unicode value="creative commons: attribution - share alike 4.0"></unicode>
  <string role="key" value="lom"></string>
  <instance class="exe.engine.lom.lomsubs.lomSub">
   <dictionary>
    <string role="key" value="__index__"></string>
    <dictionary></dictionary>
    <string role="key" value="__oldchild__"></string>
    <none></none>
    <string role="key" value="annotation"></string>
    <list></list>
    <string role="key" value="classification"></string>
    <list></list>
    <string role="key" value="educational"></string>
    <list>
     <instance class="exe.engine.lom.lomsubs.educationalSub">
      <dictionary>
       <string role="key" value="cognitiveProcess"></string>
       <list></list>
       <string role="key" value="context"></string>
       <list></list>
       <string role="key" value="description"></string>
       <list></list>
       <string role="key" value="difficulty"></string>
       <none></none>
       <string role="key" value="intendedEndUserRole"></string>
       <list></list>
       <string role="key" value="interactivityLevel"></string>
       <none></none>
       <string role="key" value="interactivityType"></string>
       <none></none>
       <string role="key" value="language"></string>
       <list>
        <instance class="exe.engine.lom.lomsubs.LanguageIdSub">
         <dictionary>
          <string role="key" value="extensiontype_"></string>
          <none></none>
          <string role="key" value="valueOf_"></string>
          <string value="es"></string>
         </dictionary>
        </instance>
       </list>
       <string role="key" value="learningResourceType"></string>
       <list></list>
       <string role="key" value="semanticDensity"></string>
       <none></none>
       <string role="key" value="typicalAgeRange"></string>
       <list></list>
       <string role="key" value="typicalLearningTime"></string>
       <none></none>
      </dictionary>
     </instance>
    </list>
    <string role="key" value="general"></string>
    <instance class="exe.engine.lom.lomsubs.generalSub">
     <dictionary>
      <string role="key" value="aggregationLevel"></string>
      <instance class="exe.engine.lom.lomsubs.aggregationLevelSub">
       <dictionary>
        <string role="key" value="extensiontype_"></string>
        <none></none>
        <string role="key" value="source"></string>
        <instance class="exe.engine.lom.lomsubs.sourceValueSub">
         <dictionary>
          <string role="key" value="extensiontype_"></string>
          <none></none>
          <string role="key" value="string"></string>
          <list></list>
          <string role="key" value="uniqueElementName"></string>
          <string value="source"></string>
          <string role="key" value="valueOf_"></string>
          <string value="LOMv1.0"></string>
         </dictionary>
        </instance>
        <string role="key" value="uniqueElementName"></string>
        <string value="aggregationLevel"></string>
        <string role="key" value="value"></string>
        <instance class="exe.engine.lom.lomsubs.aggregationLevelValueSub">
         <dictionary>
          <string role="key" value="extensiontype_"></string>
          <none></none>
          <string role="key" value="source"></string>
          <none></none>
          <string role="key" value="uniqueElementName"></string>
          <string value="value"></string>
          <string role="key" value="value"></string>
          <none></none>
          <string role="key" value="valueOf_"></string>
          <string value="2"></string>
         </dictionary>
        </instance>
       </dictionary>
      </instance>
      <string role="key" value="coverage"></string>
      <list></list>
      <string role="key" value="description"></string>
      <list></list>
      <string role="key" value="identifier"></string>
      <list>
       <instance class="exe.engine.lom.lomsubs.identifierSub">
        <dictionary>
         <string role="key" value="catalog"></string>
         <instance class="exe.engine.lom.lomsubs.catalogSub">
          <dictionary>
           <string role="key" value="uniqueElementName"></string>
           <string value="catalog"></string>
           <string role="key" value="valueOf_"></string>
           <unicode value="My Catalog"></unicode>
          </dictionary>
         </instance>
         <string role="key" value="entry"></string>
         <instance class="exe.engine.lom.lomsubs.entrySub">
          <dictionary>
           <string role="key" value="uniqueElementName"></string>
           <string value="entry"></string>
           <string role="key" value="valueOf_"></string>
           <unicode value="4a7d755e-34a5-410a-a7d4-601881136623"></unicode>
          </dictionary>
         </instance>
        </dictionary>
       </instance>
      </list>
      <string role="key" value="keyword"></string>
      <list></list>
      <string role="key" value="language"></string>
      <list>
       <instance class="exe.engine.lom.lomsubs.LanguageIdSub">
        <dictionary>
         <string role="key" value="extensiontype_"></string>
         <none></none>
         <string role="key" value="valueOf_"></string>
         <string value="es"></string>
        </dictionary>
       </instance>
      </list>
      <string role="key" value="structure"></string>
      <none></none>
      <string role="key" value="title"></string>
      <none></none>
      <string role="key" value="uniqueElementName"></string>
      <string value="general"></string>
     </dictionary>
    </instance>
    <string role="key" value="lifeCycle"></string>
    <none></none>
    <string role="key" value="metaMetadata"></string>
    <instance class="exe.engine.lom.lomsubs.metaMetadataSub">
     <dictionary>
      <string role="key" value="contribute"></string>
      <list>
       <instance class="exe.engine.lom.lomsubs.contributeMetaSub">
        <dictionary>
         <string role="key" value="date"></string>
         <instance class="exe.engine.lom.lomsubs.dateSub">
          <dictionary>
           <string role="key" value="dateTime"></string>
           <instance class="exe.engine.lom.lomsubs.DateTimeValueSub">
            <dictionary>
             <string role="key" value="uniqueElementName"></string>
             <string value="dateTime"></string>
             <string role="key" value="valueOf_"></string>
             <string value="2018-11-06T14:15:40.00-05:00"></string>
            </dictionary>
           </instance>
           <string role="key" value="description"></string>
           <instance class="exe.engine.lom.lomsubs.LanguageStringSub">
            <dictionary>
             <string role="key" value="extensiontype_"></string>
             <none></none>
             <string role="key" value="string"></string>
             <list>
              <instance class="exe.engine.lom.lomsubs.LangStringSub">
               <dictionary>
                <string role="key" value="language"></string>
                <string value="es"></string>
                <string role="key" value="valueOf_"></string>
                <string value="Fecha de creaci\xc3\xb3n de los metadatos"></string>
               </dictionary>
              </instance>
             </list>
            </dictionary>
           </instance>
           <string role="key" value="extensiontype_"></string>
           <none></none>
           <string role="key" value="uniqueElementName"></string>
           <none></none>
           <string role="key" value="valueOf_"></string>
           <none></none>
          </dictionary>
         </instance>
         <string role="key" value="entity"></string>
         <list>
          <instance class="exe.engine.lom.lomsubs.entitySub">
           <dictionary>
            <string role="key" value="extensiontype_"></string>
            <none></none>
            <string role="key" value="valueOf_"></string>
            <string value="BEGIN:VCARD VERSION:3.0 FN: EMAIL;TYPE=INTERNET: ORG: END:VCARD"></string>
           </dictionary>
          </instance>
         </list>
         <string role="key" value="role"></string>
         <instance class="exe.engine.lom.lomsubs.roleSub">
          <dictionary>
           <string role="key" value="extensiontype_"></string>
           <none></none>
           <string role="key" value="source"></string>
           <instance class="exe.engine.lom.lomsubs.sourceValueSub">
            <dictionary>
             <string role="key" value="extensiontype_"></string>
             <none></none>
             <string role="key" value="string"></string>
             <list></list>
             <string role="key" value="uniqueElementName"></string>
             <string value="source"></string>
             <string role="key" value="valueOf_"></string>
             <string value="LOMv1.0"></string>
            </dictionary>
           </instance>
           <string role="key" value="uniqueElementName"></string>
           <string value="role"></string>
           <string role="key" value="value"></string>
           <instance class="exe.engine.lom.lomsubs.roleValueSub">
            <dictionary>
             <string role="key" value="extensiontype_"></string>
             <none></none>
             <string role="key" value="source"></string>
             <none></none>
             <string role="key" value="uniqueElementName"></string>
             <string value="value"></string>
             <string role="key" value="value"></string>
             <none></none>
             <string role="key" value="valueOf_"></string>
             <string value="creator"></string>
            </dictionary>
           </instance>
          </dictionary>
         </instance>
        </dictionary>
       </instance>
      </list>
      <string role="key" value="identifier"></string>
      <list></list>
      <string role="key" value="language"></string>
      <instance class="exe.engine.lom.lomsubs.LanguageIdSub">
       <dictionary>
        <string role="key" value="extensiontype_"></string>
        <none></none>
        <string role="key" value="valueOf_"></string>
        <string value="es"></string>
       </dictionary>
      </instance>
      <string role="key" value="metadataSchema"></string>
      <list>
       <instance class="exe.engine.lom.lomsubs.metadataSchemaSub">
        <dictionary>
         <string role="key" value="valueOf_"></string>
         <string value="LOMv1.0"></string>
        </dictionary>
       </instance>
      </list>
      <string role="key" value="uniqueElementName"></string>
      <string value="metaMetadata"></string>
     </dictionary>
    </instance>
    <string role="key" value="relation"></string>
    <list></list>
    <string role="key" value="rights"></string>
    <none></none>
    <string role="key" value="technical"></string>
    <none></none>
   </dictionary>
  </instance>
  <string role="key" value="lomEs"></string>
  <instance class="exe.engine.lom.lomsubs.lomSub">
   <dictionary>
    <string role="key" value="__index__"></string>
    <dictionary></dictionary>
    <string role="key" value="__oldchild__"></string>
    <none></none>
    <string role="key" value="annotation"></string>
    <list></list>
    <string role="key" value="classification"></string>
    <list></list>
    <string role="key" value="educational"></string>
    <list>
     <instance class="exe.engine.lom.lomsubs.educationalSub">
      <dictionary>
       <string role="key" value="cognitiveProcess"></string>
       <list></list>
       <string role="key" value="context"></string>
       <list></list>
       <string role="key" value="description"></string>
       <list></list>
       <string role="key" value="difficulty"></string>
       <none></none>
       <string role="key" value="intendedEndUserRole"></string>
       <list></list>
       <string role="key" value="interactivityLevel"></string>
       <none></none>
       <string role="key" value="interactivityType"></string>
       <none></none>
       <string role="key" value="language"></string>
       <list>
        <instance class="exe.engine.lom.lomsubs.LanguageIdSub">
         <dictionary>
          <string role="key" value="extensiontype_"></string>
          <none></none>
          <string role="key" value="valueOf_"></string>
          <string value="es"></string>
         </dictionary>
        </instance>
       </list>
       <string role="key" value="learningResourceType"></string>
       <list></list>
       <string role="key" value="semanticDensity"></string>
       <none></none>
       <string role="key" value="typicalAgeRange"></string>
       <list></list>
       <string role="key" value="typicalLearningTime"></string>
       <none></none>
      </dictionary>
     </instance>
    </list>
    <string role="key" value="general"></string>
    <instance class="exe.engine.lom.lomsubs.generalSub">
     <dictionary>
      <string role="key" value="aggregationLevel"></string>
      <instance class="exe.engine.lom.lomsubs.aggregationLevelSub">
       <dictionary>
        <string role="key" value="extensiontype_"></string>
        <none></none>
        <string role="key" value="source"></string>
        <instance class="exe.engine.lom.lomsubs.sourceValueSub">
         <dictionary>
          <string role="key" value="extensiontype_"></string>
          <none></none>
          <string role="key" value="string"></string>
          <list></list>
          <string role="key" value="uniqueElementName"></string>
          <string value="source"></string>
          <string role="key" value="valueOf_"></string>
          <string value="LOM-ESv1.0"></string>
         </dictionary>
        </instance>
        <string role="key" value="uniqueElementName"></string>
        <string value="aggregationLevel"></string>
        <string role="key" value="value"></string>
        <instance class="exe.engine.lom.lomsubs.aggregationLevelValueSub">
         <dictionary>
          <string role="key" value="extensiontype_"></string>
          <none></none>
          <string role="key" value="source"></string>
          <none></none>
          <string role="key" value="uniqueElementName"></string>
          <string value="value"></string>
          <string role="key" value="value"></string>
          <none></none>
          <string role="key" value="valueOf_"></string>
          <string value="2"></string>
         </dictionary>
        </instance>
       </dictionary>
      </instance>
      <string role="key" value="coverage"></string>
      <list></list>
      <string role="key" value="description"></string>
      <list></list>
      <string role="key" value="identifier"></string>
      <list>
       <instance class="exe.engine.lom.lomsubs.identifierSub">
        <dictionary>
         <string role="key" value="catalog"></string>
         <instance class="exe.engine.lom.lomsubs.catalogSub">
          <dictionary>
           <string role="key" value="uniqueElementName"></string>
           <string value="catalog"></string>
           <string role="key" value="valueOf_"></string>
           <unicode value="My Catalog"></unicode>
          </dictionary>
         </instance>
         <string role="key" value="entry"></string>
         <instance class="exe.engine.lom.lomsubs.entrySub">
          <dictionary>
           <string role="key" value="uniqueElementName"></string>
           <string value="entry"></string>
           <string role="key" value="valueOf_"></string>
           <unicode value="4a7d755e-34a5-410a-a7d4-601881136623"></unicode>
          </dictionary>
         </instance>
        </dictionary>
       </instance>
      </list>
      <string role="key" value="keyword"></string>
      <list></list>
      <string role="key" value="language"></string>
      <list>
       <instance class="exe.engine.lom.lomsubs.LanguageIdSub">
        <dictionary>
         <string role="key" value="extensiontype_"></string>
         <none></none>
         <string role="key" value="valueOf_"></string>
         <string value="es"></string>
        </dictionary>
       </instance>
      </list>
      <string role="key" value="structure"></string>
      <none></none>
      <string role="key" value="title"></string>
      <none></none>
      <string role="key" value="uniqueElementName"></string>
      <string value="general"></string>
     </dictionary>
    </instance>
    <string role="key" value="lifeCycle"></string>
    <none></none>
    <string role="key" value="metaMetadata"></string>
    <instance class="exe.engine.lom.lomsubs.metaMetadataSub">
     <dictionary>
      <string role="key" value="contribute"></string>
      <list>
       <instance class="exe.engine.lom.lomsubs.contributeMetaSub">
        <dictionary>
         <string role="key" value="date"></string>
         <instance class="exe.engine.lom.lomsubs.dateSub">
          <dictionary>
           <string role="key" value="dateTime"></string>
           <instance class="exe.engine.lom.lomsubs.DateTimeValueSub">
            <dictionary>
             <string role="key" value="uniqueElementName"></string>
             <string value="dateTime"></string>
             <string role="key" value="valueOf_"></string>
             <string value="2018-11-06T14:15:40.00-05:00"></string>
            </dictionary>
           </instance>
           <string role="key" value="description"></string>
           <instance class="exe.engine.lom.lomsubs.LanguageStringSub">
            <dictionary>
             <string role="key" value="extensiontype_"></string>
             <none></none>
             <string role="key" value="string"></string>
             <list>
              <instance class="exe.engine.lom.lomsubs.LangStringSub">
               <dictionary>
                <string role="key" value="language"></string>
                <string value="es"></string>
                <string role="key" value="valueOf_"></string>
                <string value="Fecha de creaci\xc3\xb3n de los metadatos"></string>
               </dictionary>
              </instance>
             </list>
            </dictionary>
           </instance>
           <string role="key" value="extensiontype_"></string>
           <none></none>
           <string role="key" value="uniqueElementName"></string>
           <none></none>
           <string role="key" value="valueOf_"></string>
           <none></none>
          </dictionary>
         </instance>
         <string role="key" value="entity"></string>
         <list>
          <instance class="exe.engine.lom.lomsubs.entitySub">
           <dictionary>
            <string role="key" value="extensiontype_"></string>
            <none></none>
            <string role="key" value="valueOf_"></string>
            <string value="BEGIN:VCARD VERSION:3.0 FN: EMAIL;TYPE=INTERNET: ORG: END:VCARD"></string>
           </dictionary>
          </instance>
         </list>
         <string role="key" value="role"></string>
         <instance class="exe.engine.lom.lomsubs.roleSub">
          <dictionary>
           <string role="key" value="extensiontype_"></string>
           <none></none>
           <string role="key" value="source"></string>
           <instance class="exe.engine.lom.lomsubs.sourceValueSub">
            <dictionary>
             <string role="key" value="extensiontype_"></string>
             <none></none>
             <string role="key" value="string"></string>
             <list></list>
             <string role="key" value="uniqueElementName"></string>
             <string value="source"></string>
             <string role="key" value="valueOf_"></string>
             <string value="LOM-ESv1.0"></string>
            </dictionary>
           </instance>
           <string role="key" value="uniqueElementName"></string>
           <string value="role"></string>
           <string role="key" value="value"></string>
           <instance class="exe.engine.lom.lomsubs.roleValueSub">
            <dictionary>
             <string role="key" value="extensiontype_"></string>
             <none></none>
             <string role="key" value="source"></string>
             <none></none>
             <string role="key" value="uniqueElementName"></string>
             <string value="value"></string>
             <string role="key" value="value"></string>
             <none></none>
             <string role="key" value="valueOf_"></string>
             <string value="creator"></string>
            </dictionary>
           </instance>
          </dictionary>
         </instance>
        </dictionary>
       </instance>
      </list>
      <string role="key" value="identifier"></string>
      <list></list>
      <string role="key" value="language"></string>
      <instance class="exe.engine.lom.lomsubs.LanguageIdSub">
       <dictionary>
        <string role="key" value="extensiontype_"></string>
        <none></none>
        <string role="key" value="valueOf_"></string>
        <string value="es"></string>
       </dictionary>
      </instance>
      <string role="key" value="metadataSchema"></string>
      <list>
       <instance class="exe.engine.lom.lomsubs.metadataSchemaSub">
        <dictionary>
         <string role="key" value="valueOf_"></string>
         <string value="LOM-ESv1.0"></string>
        </dictionary>
       </instance>
      </list>
      <string role="key" value="uniqueElementName"></string>
      <string value="metaMetadata"></string>
     </dictionary>
    </instance>
    <string role="key" value="relation"></string>
    <list></list>
    <string role="key" value="rights"></string>
    <instance class="exe.engine.lom.lomsubs.rightsSub">
     <dictionary>
      <string role="key" value="access"></string>
      <instance class="exe.engine.lom.lomsubs.accessSub">
       <dictionary>
        <string role="key" value="accessType"></string>
        <instance class="exe.engine.lom.lomsubs.accessTypeSub">
         <dictionary>
          <string role="key" value="extensiontype_"></string>
          <none></none>
          <string role="key" value="source"></string>
          <instance class="exe.engine.lom.lomsubs.sourceValueSub">
           <dictionary>
            <string role="key" value="extensiontype_"></string>
            <none></none>
            <string role="key" value="string"></string>
            <list></list>
            <string role="key" value="uniqueElementName"></string>
            <string value="source"></string>
            <string role="key" value="valueOf_"></string>
            <string value="LOM-ESv1.0"></string>
           </dictionary>
          </instance>
          <string role="key" value="uniqueElementName"></string>
          <string value="accessType"></string>
          <string role="key" value="value"></string>
          <instance class="exe.engine.lom.lomsubs.accessTypeValueSub">
           <dictionary>
            <string role="key" value="extensiontype_"></string>
            <none></none>
            <string role="key" value="source"></string>
            <none></none>
            <string role="key" value="uniqueElementName"></string>
            <string value="value"></string>
            <string role="key" value="value"></string>
            <none></none>
            <string role="key" value="valueOf_"></string>
            <string value="universal"></string>
           </dictionary>
          </instance>
         </dictionary>
        </instance>
        <string role="key" value="description"></string>
        <instance class="exe.engine.lom.lomsubs.LanguageStringSub">
         <dictionary>
          <string role="key" value="extensiontype_"></string>
          <none></none>
          <string role="key" value="string"></string>
          <list>
           <instance class="exe.engine.lom.lomsubs.LangStringSub">
            <dictionary>
             <string role="key" value="language"></string>
             <string value="en"></string>
             <string role="key" value="valueOf_"></string>
             <unicode value="Default"></unicode>
            </dictionary>
           </instance>
          </list>
         </dictionary>
        </instance>
        <string role="key" value="uniqueElementName"></string>
        <string value="access"></string>
       </dictionary>
      </instance>
      <string role="key" value="copyrightAndOtherRestrictions"></string>
      <none></none>
      <string role="key" value="cost"></string>
      <none></none>
      <string role="key" value="description"></string>
      <none></none>
      <string role="key" value="uniqueElementName"></string>
      <string value="rights"></string>
     </dictionary>
    </instance>
    <string role="key" value="technical"></string>
    <none></none>
   </dictionary>
  </instance>
  <string role="key" value="mxmlforcemediaonly"></string>
  <bool value="0"></bool>
  <string role="key" value="mxmlheight"></string>
  <string value=""></string>
  <string role="key" value="mxmlprofilelist"></string>
  <string value=""></string>
  <string role="key" value="mxmlwidth"></string>
  <string value=""></string>
  <string role="key" value="resources"></string>
  <dictionary></dictionary>
  <string role="key" value="root"></string>
  <reference key="3"></reference>
  <string role="key" value="scolinks"></string>
  <bool value="0"></bool>
  <string role="key" value="scowsinglepage"></string>
  <bool value="0"></bool>
  <string role="key" value="scowwebsite"></string>
  <bool value="0"></bool>
  <string role="key" value="style"></string>
  <unicode value="INTEF"></unicode>
  <string role="key" value="sugaractivityname"></string>
  <string value=""></string>
  <string role="key" value="sugarservicename"></string>
  <string value=""></string>
  <string role="key" value="tempFile"></string>
  <bool value="0"></bool>
 </dictionary>
</instance>